,Atrium,Ventricle
0,0.175,0.315
1,0.175,0.32
2,0.335,0.155
3,0.5,-0.015
4,A_V,V_A
5, , 
6, , 
7,0.29625,0.19375
